<?xml version="1.0" encoding="UTF-8"?>
<project name="student_management_system" default="all">
  
  
  <property file="student_management_system.properties"/>
  <!-- 如果不需要测试编译，请取消注释以下属性 -->
  <!-- 
  <property name="skip.tests" value="true"/>
   -->
  
  <!-- 编译器选项 -->
  
  <property name="compiler.debug" value="on"/>
  <property name="compiler.generate.no.warnings" value="off"/>
  <property name="compiler.args" value=""/>
  <property name="compiler.max.memory" value="700m"/>
  <patternset id="ignored.files">
    <exclude name="**/*.hprof/**"/>
    <exclude name="**/*.pyc/**"/>
    <exclude name="**/*.pyo/**"/>
    <exclude name="**/*.rbc/**"/>
    <exclude name="**/*.yarb/**"/>
    <exclude name="**/*~/**"/>
    <exclude name="**/.DS_Store/**"/>
    <exclude name="**/.git/**"/>
    <exclude name="**/.hg/**"/>
    <exclude name="**/.svn/**"/>
    <exclude name="**/CVS/**"/>
    <exclude name="**/__pycache__/**"/>
    <exclude name="**/_svn/**"/>
    <exclude name="**/vssver.scc/**"/>
    <exclude name="**/vssver2.scc/**"/>
  </patternset>
  <patternset id="library.patterns">
    <include name="*.egg"/>
    <include name="*.jar"/>
    <include name="*.ear"/>
    <include name="*.klib"/>
    <include name="*.swc"/>
    <include name="*.war"/>
    <include name="*.zip"/>
    <include name="*.ane"/>
  </patternset>
  <patternset id="compiler.resources">
    <exclude name="**/?*.java"/>
    <exclude name="**/?*.form"/>
    <exclude name="**/?*.class"/>
    <exclude name="**/?*.groovy"/>
    <exclude name="**/?*.scala"/>
    <exclude name="**/?*.flex"/>
    <exclude name="**/?*.kt"/>
    <exclude name="**/?*.clj"/>
    <exclude name="**/?*.aj"/>
  </patternset>
  
  <!-- JDK 定义 -->
  
  <property name="jdk.bin.10" value="${jdk.home.10}/bin"/>
  <path id="jdk.classpath.10">
    <fileset dir="${jdk.home.10}">
      <include name="../jdk-10.0.2!/java.activation"/>
      <include name="../jdk-10.0.2!/java.base"/>
      <include name="../jdk-10.0.2!/java.compiler"/>
      <include name="../jdk-10.0.2!/java.corba"/>
      <include name="../jdk-10.0.2!/java.datatransfer"/>
      <include name="../jdk-10.0.2!/java.desktop"/>
      <include name="../jdk-10.0.2!/java.instrument"/>
      <include name="../jdk-10.0.2!/java.jnlp"/>
      <include name="../jdk-10.0.2!/java.logging"/>
      <include name="../jdk-10.0.2!/java.management"/>
      <include name="../jdk-10.0.2!/java.management.rmi"/>
      <include name="../jdk-10.0.2!/java.naming"/>
      <include name="../jdk-10.0.2!/java.prefs"/>
      <include name="../jdk-10.0.2!/java.rmi"/>
      <include name="../jdk-10.0.2!/java.scripting"/>
      <include name="../jdk-10.0.2!/java.se"/>
      <include name="../jdk-10.0.2!/java.se.ee"/>
      <include name="../jdk-10.0.2!/java.security.jgss"/>
      <include name="../jdk-10.0.2!/java.security.sasl"/>
      <include name="../jdk-10.0.2!/java.smartcardio"/>
      <include name="../jdk-10.0.2!/java.sql"/>
      <include name="../jdk-10.0.2!/java.sql.rowset"/>
      <include name="../jdk-10.0.2!/java.transaction"/>
      <include name="../jdk-10.0.2!/java.xml"/>
      <include name="../jdk-10.0.2!/java.xml.bind"/>
      <include name="../jdk-10.0.2!/java.xml.crypto"/>
      <include name="../jdk-10.0.2!/java.xml.ws"/>
      <include name="../jdk-10.0.2!/java.xml.ws.annotation"/>
      <include name="../jdk-10.0.2!/javafx.base"/>
      <include name="../jdk-10.0.2!/javafx.controls"/>
      <include name="../jdk-10.0.2!/javafx.deploy"/>
      <include name="../jdk-10.0.2!/javafx.fxml"/>
      <include name="../jdk-10.0.2!/javafx.graphics"/>
      <include name="../jdk-10.0.2!/javafx.media"/>
      <include name="../jdk-10.0.2!/javafx.swing"/>
      <include name="../jdk-10.0.2!/javafx.web"/>
      <include name="../jdk-10.0.2!/jdk.accessibility"/>
      <include name="../jdk-10.0.2!/jdk.aot"/>
      <include name="../jdk-10.0.2!/jdk.attach"/>
      <include name="../jdk-10.0.2!/jdk.charsets"/>
      <include name="../jdk-10.0.2!/jdk.compiler"/>
      <include name="../jdk-10.0.2!/jdk.crypto.cryptoki"/>
      <include name="../jdk-10.0.2!/jdk.crypto.ec"/>
      <include name="../jdk-10.0.2!/jdk.crypto.mscapi"/>
      <include name="../jdk-10.0.2!/jdk.deploy"/>
      <include name="../jdk-10.0.2!/jdk.deploy.controlpanel"/>
      <include name="../jdk-10.0.2!/jdk.dynalink"/>
      <include name="../jdk-10.0.2!/jdk.editpad"/>
      <include name="../jdk-10.0.2!/jdk.hotspot.agent"/>
      <include name="../jdk-10.0.2!/jdk.httpserver"/>
      <include name="../jdk-10.0.2!/jdk.incubator.httpclient"/>
      <include name="../jdk-10.0.2!/jdk.internal.ed"/>
      <include name="../jdk-10.0.2!/jdk.internal.jvmstat"/>
      <include name="../jdk-10.0.2!/jdk.internal.le"/>
      <include name="../jdk-10.0.2!/jdk.internal.opt"/>
      <include name="../jdk-10.0.2!/jdk.internal.vm.ci"/>
      <include name="../jdk-10.0.2!/jdk.internal.vm.compiler"/>
      <include name="../jdk-10.0.2!/jdk.internal.vm.compiler.management"/>
      <include name="../jdk-10.0.2!/jdk.jartool"/>
      <include name="../jdk-10.0.2!/jdk.javadoc"/>
      <include name="../jdk-10.0.2!/jdk.javaws"/>
      <include name="../jdk-10.0.2!/jdk.jcmd"/>
      <include name="../jdk-10.0.2!/jdk.jconsole"/>
      <include name="../jdk-10.0.2!/jdk.jdeps"/>
      <include name="../jdk-10.0.2!/jdk.jdi"/>
      <include name="../jdk-10.0.2!/jdk.jdwp.agent"/>
      <include name="../jdk-10.0.2!/jdk.jfr"/>
      <include name="../jdk-10.0.2!/jdk.jlink"/>
      <include name="../jdk-10.0.2!/jdk.jshell"/>
      <include name="../jdk-10.0.2!/jdk.jsobject"/>
      <include name="../jdk-10.0.2!/jdk.jstatd"/>
      <include name="../jdk-10.0.2!/jdk.localedata"/>
      <include name="../jdk-10.0.2!/jdk.management"/>
      <include name="../jdk-10.0.2!/jdk.management.agent"/>
      <include name="../jdk-10.0.2!/jdk.management.cmm"/>
      <include name="../jdk-10.0.2!/jdk.management.jfr"/>
      <include name="../jdk-10.0.2!/jdk.management.resource"/>
      <include name="../jdk-10.0.2!/jdk.naming.dns"/>
      <include name="../jdk-10.0.2!/jdk.naming.rmi"/>
      <include name="../jdk-10.0.2!/jdk.net"/>
      <include name="../jdk-10.0.2!/jdk.pack"/>
      <include name="../jdk-10.0.2!/jdk.packager"/>
      <include name="../jdk-10.0.2!/jdk.packager.services"/>
      <include name="../jdk-10.0.2!/jdk.plugin"/>
      <include name="../jdk-10.0.2!/jdk.plugin.server"/>
      <include name="../jdk-10.0.2!/jdk.rmic"/>
      <include name="../jdk-10.0.2!/jdk.scripting.nashorn"/>
      <include name="../jdk-10.0.2!/jdk.scripting.nashorn.shell"/>
      <include name="../jdk-10.0.2!/jdk.sctp"/>
      <include name="../jdk-10.0.2!/jdk.security.auth"/>
      <include name="../jdk-10.0.2!/jdk.security.jgss"/>
      <include name="../jdk-10.0.2!/jdk.snmp"/>
      <include name="../jdk-10.0.2!/jdk.unsupported"/>
      <include name="../jdk-10.0.2!/jdk.xml.bind"/>
      <include name="../jdk-10.0.2!/jdk.xml.dom"/>
      <include name="../jdk-10.0.2!/jdk.xml.ws"/>
      <include name="../jdk-10.0.2!/jdk.zipfs"/>
      <include name="../jdk-10.0.2!/oracle.desktop"/>
      <include name="../jdk-10.0.2!/oracle.net"/>
    </fileset>
  </path>
  
  <property name="project.jdk.home" value="${jdk.home.10}"/>
  <property name="project.jdk.bin" value="${jdk.bin.10}"/>
  <property name="project.jdk.classpath" value="jdk.classpath.10"/>
  <!-- 注册自定义的编译器任务定义 -->
  <property name="javac2.home" value="${idea.home}/lib"/>
  <path id="javac2.classpath">
    <fileset dir="${javac2.home}">
      <include name="javac2.jar"/>
      <include name="jdom.jar"/>
      <include name="asm-all*.jar"/>
      <include name="forms-*.jar"/>
    </fileset>
  </path>
  <target name="register.custom.compilers">
    <taskdef name="javac2" classname="com.intellij.ant.Javac2" classpathref="javac2.classpath"/>
    <taskdef name="instrumentIdeaExtensions" classname="com.intellij.ant.InstrumentIdeaExtensions" classpathref="javac2.classpath"/>
  </target>
  
  <!-- 模块 -->
  
  
  <!-- 模块 student management system -->
  
  <dirname property="module.student_management_system.basedir" file="${ant.file}"/>
  
  
  <property name="module.jdk.home.student_management_system" value="${project.jdk.home}"/>
  <property name="module.jdk.bin.student_management_system" value="${project.jdk.bin}"/>
  <property name="module.jdk.classpath.student_management_system" value="${project.jdk.classpath}"/>
  
  <property name="compiler.args.student_management_system" value="-encoding UTF-8 -source 10 -target 10 ${compiler.args}"/>
  
  <property name="student_management_system.output.dir" value="${module.student_management_system.basedir}/out/production/student management system"/>
  <property name="student_management_system.testoutput.dir" value="${module.student_management_system.basedir}/out/test/student management system"/>
  
  <path id="student_management_system.module.bootclasspath">
    <!-- 路径被列入编译 bootclasspath -->
  </path>
  
  <path id="student_management_system.module.production.classpath">
    <path refid="${module.jdk.classpath.student_management_system}"/>
  </path>
  
  <path id="student_management_system.runtime.production.module.classpath">
    <pathelement location="${student_management_system.output.dir}"/>
  </path>
  
  <path id="student_management_system.module.classpath">
    <path refid="${module.jdk.classpath.student_management_system}"/>
    <pathelement location="${student_management_system.output.dir}"/>
  </path>
  
  <path id="student_management_system.runtime.module.classpath">
    <pathelement location="${student_management_system.testoutput.dir}"/>
    <pathelement location="${student_management_system.output.dir}"/>
  </path>
  
  
  <patternset id="excluded.from.module.student_management_system">
    <patternset refid="ignored.files"/>
  </patternset>
  
  <patternset id="excluded.from.compilation.student_management_system">
    <patternset refid="excluded.from.module.student_management_system"/>
  </patternset>
  
  <path id="student_management_system.module.sourcepath">
    <dirset dir="${module.student_management_system.basedir}">
      <include name="src"/>
    </dirset>
  </path>
  
  
  <target name="compile.module.student_management_system" depends="compile.module.student_management_system.production,compile.module.student_management_system.tests" description="编辑 模块 student management system"/>
  
  <target name="compile.module.student_management_system.production" depends="register.custom.compilers" description="编译 模块 student management system; 生产类">
    <mkdir dir="${student_management_system.output.dir}"/>
    <javac2 destdir="${student_management_system.output.dir}" debug="${compiler.debug}" nowarn="${compiler.generate.no.warnings}" memorymaximumsize="${compiler.max.memory}" fork="true" executable="${module.jdk.bin.student_management_system}/javac">
      <compilerarg line="${compiler.args.student_management_system}"/>
      <bootclasspath refid="student_management_system.module.bootclasspath"/>
      <classpath refid="student_management_system.module.production.classpath"/>
      <src refid="student_management_system.module.sourcepath"/>
      <patternset refid="excluded.from.compilation.student_management_system"/>
    </javac2>
    
    <copy todir="${student_management_system.output.dir}">
      <fileset dir="${module.student_management_system.basedir}/src">
        <patternset refid="compiler.resources"/>
        <type type="file"/>
      </fileset>
    </copy>
  </target>
  
  <target name="compile.module.student_management_system.tests" depends="register.custom.compilers,compile.module.student_management_system.production" description="编译 模块 student management system; 测试类" unless="skip.tests"/>
  
  <target name="clean.module.student_management_system" description="清理模块">
    <delete dir="${student_management_system.output.dir}"/>
    <delete dir="${student_management_system.testoutput.dir}"/>
  </target>
  
  <target name="init" description="构建初始化">
    <!-- 在这个目标中执行任何构建初始化 -->
  </target>
  
  <target name="clean" depends="clean.module.student_management_system" description="清理所有"/>
  
  <target name="build.modules" depends="init, clean, compile.module.student_management_system" description="构建所有模块"/>
  
  <target name="all" depends="build.modules" description="构建所有"/>
</project>